<?xml version="1.0" encoding="UTF-8"?>
<beans xmlns="http://www.springframework.org/schema/beans"
	xmlns:xsi="http://www.w3.org/2001/XMLSchema-instance" xmlns:context="http://www.springframework.org/schema/context"
	xmlns:aop="http://www.springframework.org/schema/aop" xmlns:tx="http://www.springframework.org/schema/tx"
	xsi:schemaLocation="http://www.springframework.org/schema/beans http://www.springframework.org/schema/beans/spring-beans.xsd 
	http://www.springframework.org/schema/context http://www.springframework.org/schema/context/spring-context.xsd 
	http://www.springframework.org/schema/aop http://www.springframework.org/schema/aop/spring-aop.xsd 
	http://www.springframework.org/schema/tx http://www.springframework.org/schema/tx/spring-tx.xsd">

	<!-- 导入资源文件 -->
	<context:property-placeholder location="classpath:db.properties" />

	<!-- 配置C3P0数据源 -->
	<bean id="dataSource" class="com.mchange.v2.c3p0.ComboPooledDataSource">
		<property name="user" value="${jdbc.user}"></property>
		<property name="password" value="${jdbc.password}"></property>
		<property name="driverClass" value="${jdbc.driverClass}"></property>
		<property name="jdbcUrl" value="${jdbc.jdbcUrl}"></property>
		<property name="initialPoolSize" value="${jdbc.initialPoolSize}"></property>
		<property name="maxPoolSize" value="${jdbc.maxPoolSize}"></property>
		<property name="minPoolSize" value="${jdbc.minPoolSize}"></property>
		<property name="acquireIncrement" value="${jdbc.acquireIncrement}"></property>
		<property name="maxIdleTime" value="${jdbc.maxIdleTime}"></property>
		<property name="idleConnectionTestPeriod" value="${jdbc.idleConnectionTestPeriod}"></property>
	</bean>

	<!-- 配置SessionFactory -->
	<bean id="sessionFactory"
		class="org.springframework.orm.hibernate4.LocalSessionFactoryBean">
		<property name="dataSource" ref="dataSource"></property>
		<property name="configLocation" value="classpath:hibernate.cfg.xml"></property>
		<property name="mappingLocations" value="classpath:cn/edu/hzvtc/entity/*.hbm.xml"></property>
	</bean>

	<!-- 配置Spring的事务管理 -->
	<!-- 1)配置Hibernate的事务管理器 -->
	<bean id="transactionManager"
		class="org.springframework.orm.hibernate4.HibernateTransactionManager">
		<property name="sessionFactory" ref="sessionFactory"></property>
	</bean>

	<!-- 2)配置事务属性，AOP思想 -->
	<tx:advice id="txAdvice" transaction-manager="transactionManager">
		<tx:attributes>
			<tx:method name="find*" read-only="true" />
			<tx:method name="get*" read-only="true" />
			<tx:method name="*" />
		</tx:attributes>
	</tx:advice>

	<!-- 3)配置事务切入点，并将事务属性和事务切入点关联起来，AOP思想 -->
	<aop:config>
		<aop:pointcut expression="execution(* cn.edu.hzvtc.service.*.*(..))"
			id="txPointCut" />
		<aop:advisor advice-ref="txAdvice" pointcut-ref="txPointCut" />
	</aop:config>
	
	<!-- 导入Bean配置文件	模块化配置 -->
	<import resource="cn.edu.hzvtc.action.xml" />
	<import resource="cn.edu.hzvtc.dao.xml" />
	<import resource="cn.edu.hzvtc.service.xml" />
	<import resource="cn.edu.hzvtc.timemask.xml" />
	
</beans>
