<?xml version="1.0" encoding="UTF-8"?>
<beans xmlns="http://www.springframework.org/schema/beans"
	xmlns:xsi="http://www.w3.org/2001/XMLSchema-instance"
	xsi:schemaLocation="http://www.springframework.org/schema/beans http://www.springframework.org/schema/beans/spring-beans.xsd ">

	<!-- 导入Bean配置文件 -->
	<import resource="cn.edu.hzvtc.dao.xml" />

	<!--用户service配置 -->
	<bean id="checkResultService" class="cn.edu.hzvtc.service.impl.CheckResultServiceImpl">
		<property name="employeeDao" ref="employeeDao" />
		<property name="checkResultDao" ref="checkResultDao" />
		<property name="claimVoucherDao" ref="claimVoucherDao" />
	</bean>
	<bean id="claimVoucherService" class="cn.edu.hzvtc.service.impl.ClaimVoucherServiceImpl">
		<property name="claimVoucherDao" ref="claimVoucherDao" />
		<property name="claimVoucherDetailDao" ref="claimVoucherDetailDao" />
		<property name="employeeDao" ref="employeeDao" />
	</bean>
	<bean id="claimVoucherDetailService" class="cn.edu.hzvtc.service.impl.ClaimVoucherDetailServiceImpl">
	</bean>
	<bean id="claimVoucherStatisticsService"
		class="cn.edu.hzvtc.service.impl.ClaimVoucherStatisticsServiceImpl">
		<property name="claimVoucherStatisticsDao" ref="claimVoucherStatisticsDao" />
	</bean>
	<bean id="claimVouyearStatisticsService"
		class="cn.edu.hzvtc.service.impl.ClaimVouyearStatisticsServiceImpl">
		<property name="claimVouyearStatisticsDao" ref="claimVouyearStatisticsDao" />
	</bean>
	<bean id="departmentService" class="cn.edu.hzvtc.service.impl.DepartmentServiceImpl">
		<property name="departmentDao" ref="departmentDao" />
	</bean>
	<bean id="employeeService" class="cn.edu.hzvtc.service.impl.EmployeeServiceImpl">
		<property name="employeeDao" ref="employeeDao" />
	</bean>
	<bean id="leaveService" class="cn.edu.hzvtc.service.impl.LeaveServiceImpl">
		<property name="leaveDao" ref="leaveDao" />
	</bean>
	<bean id="positionService" class="cn.edu.hzvtc.service.impl.PositionServiceImpl">
	</bean>
</beans>
