<?xml version="1.0" encoding="UTF-8"?>
<beans xmlns="http://www.springframework.org/schema/beans"
	xmlns:xsi="http://www.w3.org/2001/XMLSchema-instance"
	xsi:schemaLocation="http://www.springframework.org/schema/beans http://www.springframework.org/schema/beans/spring-beans.xsd ">

	<!-- 配置定时任务 -->
	<!-- 配置job -->
	<bean id="monthStatisticsJob" class="org.springframework.scheduling.quartz.MethodInvokingJobDetailFactoryBean">
		<property name="targetObject" ref="claimVoucherStatisticsService"></property>
		<property name="targetMethod" value="saveVoucherStatisticsByMonth"></property>
	</bean>
	
	<bean id="yearStatisticsJob" class="org.springframework.scheduling.quartz.MethodInvokingJobDetailFactoryBean">
		<property name="targetObject" ref="claimVouyearStatisticsService"></property>
		<property name="targetMethod" value="saveVoucherStatisticsByYear"></property>
	</bean>
	
	<!-- 配置触发器 0 10 16 18 * ?   0 10 16 18 10 ?  0/30 * * * * ?-->
	<bean id="monthTrigger" class="org.springframework.scheduling.quartz.CronTriggerFactoryBean">
		<property name="jobDetail" ref="monthStatisticsJob"></property>
		<property name="cronExpression" value="0 10 16 18 * ?"></property>
	</bean>
	
	<bean id="yearTrigger" class="org.springframework.scheduling.quartz.CronTriggerFactoryBean">
		<property name="jobDetail" ref="yearStatisticsJob"></property>
		<property name="cronExpression" value="0 10 16 18 10 ?"></property>
	</bean>
	
	<!-- 配置调度器 -->
	<bean class="org.springframework.scheduling.quartz.SchedulerFactoryBean">
		<property name="triggers">
			<list>
				<ref bean="monthTrigger"/>
				<ref bean="yearTrigger"/>
			</list>
		</property>
	</bean>
</beans>
