<?xml version="1.0" encoding="UTF-8"?>
<!DOCTYPE hibernate-configuration PUBLIC "-//Hibernate/Hibernate Configuration DTD 3.0//EN" "http://hibernate.sourceforge.net/hibernate-configuration-3.0.dtd" >
<hibernate-configuration>
	<session-factory>

		<!-- 配置 Hibernate 的基本信息 -->
		<!-- 方言 -->
		<property name="hibernate.dialect">org.hibernate.dialect.MySQL5InnoDBDialect</property>
		<!-- 是否显示及格式化SQL -->
		<property name="hibernate.show_sql">true</property>
		<property name="hibernate.format_sql">true</property>
		<!-- 生成数据表的策略 -->
		<property name="hibernate.hbm2ddl.auto">update</property>

	</session-factory>
</hibernate-configuration>
