<?xml version="1.0" encoding="UTF-8"?>
<!DOCTYPE struts PUBLIC "-//Apache Software Foundation//DTD Struts Configuration 2.1//EN" "struts-2.1.dtd" >
<struts>
	<constant name="struts.enable.DynamicMethodInvocation" value="false"></constant>

	<constant name="struts.devMode" value="true"></constant>

	<constant name="struts.i18n.encoding" value="UTF-8"></constant>
	
	<constant name="struts.ui.theme" value="simple"></constant>

	<package name="default" namespace="/" extends="struts-default">

	</package>
	<!-- 验证码操作action配置 -->
	<package name="random" namespace="/" extends="struts-default">
		<!-- Random验证码 -->
		<action name="validationCode" class="validationCodeAction">
			<result type="stream">
				<param name="contentType">image/jpeg</param>
				<param name="inputName">inputStream</param>
			</result>
		</action>
	</package>
	
	<include file="struts-employee.xml"></include>
	<include file="struts-leave.xml"></include>
	<include file="struts-claimvoucher.xml"></include>
	<include file="struts-claimvoucherStatistics.xml"></include>
</struts>
