<?xml version="1.0" encoding="UTF-8"?>
<!DOCTYPE struts PUBLIC 
		"-//Apache Software Foundation//DTD Struts Configuration 2.1//EN"
		"struts-2.1.dtd" >
<struts>
	<package name="leave" namespace="/jsp/leave" extends="struts-default">
		<!-- 请假操作Action配置 -->
		<action name="leave_*" method="{1}" class="leaveAction">
			<result name="list">leave_list.jsp </result>
			<result name="view">leave_view.jsp </result>
			<result name="edit">leave_edit.jsp </result>
			<result name="check">leave_check.jsp </result>
			<result name="input" type="redirect">/login.jsp</result>
			<result name="redirectList" type="redirectAction">leave_searchLeave </result>
		</action>
	</package>
</struts>
