<?xml version="1.0" encoding="utf-8"?>
<!DOCTYPE hibernate-mapping PUBLIC "-//Hibernate/Hibernate Mapping DTD 3.0//EN"
"http://hibernate.sourceforge.net/hibernate-mapping-3.0.dtd">
<!-- Mapping file autogenerated by MyEclipse Persistence Tools -->
<hibernate-mapping package="cn.edu.hzvtc.entity">
	<class name="CheckResult" table="biz_check_result">
		<id name="id" type="java.lang.Long">
			<column name="ID" />
			<generator class="native" />
		</id>
		<many-to-one name="claimVoucher" class="ClaimVoucher"
			fetch="select">
			<column name="CLAIMVOUCHER_ID" not-null="true">
				<comment>报销单编号</comment>
			</column>
		</many-to-one>
		<property name="checkTime" type="java.util.Date">
			<column name="CHECKTIME" length="19" not-null="true">
				<comment>审核时间</comment>
			</column>
		</property>
		<property name="result" type="java.lang.String">
			<column name="RESULT" length="20" not-null="true">
				<comment>审核结果</comment>
			</column>
		</property>
		<property name="comment" type="java.lang.String">
			<column name="COMMENT">
				<comment>审核意见</comment>
			</column>
		</property>

		<many-to-one name="checkEmployee" class="Employee" fetch="select"
			lazy="false">
			<column name="CHECKER_SN" length="50" not-null="true">
				<comment>审核人</comment>
			</column>
		</many-to-one>
	</class>
</hibernate-mapping>
