<?xml version="1.0" encoding="utf-8"?>
<!DOCTYPE hibernate-mapping PUBLIC "-//Hibernate/Hibernate Mapping DTD 3.0//EN"
"http://hibernate.sourceforge.net/hibernate-mapping-3.0.dtd">
<!-- Mapping file autogenerated by MyEclipse Persistence Tools -->
<hibernate-mapping package="cn.edu.hzvtc.entity">
	<class name="ClaimVoucherDetail" table="biz_claim_voucher_detail">
		<id name="id" type="java.lang.Long">
			<column name="ID" />
			<generator class="native" />
		</id>
		<many-to-one name="claimVoucher" class="ClaimVoucher"
			fetch="select">
			<column name="CLAIMVOUCHER_ID" not-null="true">
				<comment>报销单编号</comment>
			</column>
		</many-to-one>
		<property name="item" type="java.lang.String">
			<column name="ITEM" length="20" not-null="true">
				<comment>项目</comment>
			</column>
		</property>
		<property name="account" type="java.lang.Double">
			<column name="ACCOUNT" precision="22" scale="0" not-null="true">
				<comment>金额</comment>
			</column>
		</property>
		<property name="description" type="java.lang.String">
			<column name="DESCRIPTION" length="200" not-null="true">
				<comment>费用说明</comment>
			</column>
		</property>
	</class>
</hibernate-mapping>
