<?xml version="1.0" encoding="utf-8"?>
<!DOCTYPE hibernate-mapping PUBLIC "-//Hibernate/Hibernate Mapping DTD 3.0//EN"
"http://hibernate.sourceforge.net/hibernate-mapping-3.0.dtd">
<!-- Mapping file autogenerated by MyEclipse Persistence Tools -->
<hibernate-mapping package="cn.edu.hzvtc.entity">
	<class name="ClaimVoucher" table="biz_claim_voucher">
		<id name="id" type="java.lang.Long">
			<column name="ID" />
			<generator class="native" />
		</id>
		<many-to-one name="creator" class="Employee" fetch="select"
			lazy="proxy">
			<column name="CREATOR_SN" length="50" not-null="true">
				<comment>填报人</comment>
			</column>
		</many-to-one>
		<many-to-one name="nextDeal" class="Employee" fetch="select"
			lazy="proxy">
			<column name="NEXTDEAL_SN" length="50">
				<comment>待处理人</comment>
			</column>
		</many-to-one>
		<property name="createTime" type="timestamp">
			<column name="CREATETIME" length="19" not-null="true">
				<comment>填写时间</comment>
			</column>
		</property>
		<property name="event" type="java.lang.String">
			<column name="EVENT" not-null="true">
				<comment>事由</comment>
			</column>
		</property>
		<property name="totalAccount" type="java.lang.Double">
			<column name="TOTALACCOUNT" precision="22" scale="0" not-null="true">
				<comment>总金额</comment>
			</column>
		</property>
		<property name="status" type="java.lang.String">
			<column name="STATUS" length="20" not-null="true">
				<comment>状态</comment>
			</column>
		</property>
		<property name="modifyTime" type="timestamp">
			<column name="MODIFYTIME" length="19" not-null="false">
				<comment>修改时间</comment>
			</column>
		</property>
		<set name="claimVoucherDetails" table="biz_claim_voucher_detail" inverse="true" cascade="delete" lazy="false">
			<key>
				<column name="CLAIMVOUCHER_ID" not-null="true">
					<comment>报销单（主单）编号</comment>
				</column>
			</key>
			<one-to-many class="ClaimVoucherDetail"/>
		</set>
		<set name="checkResults" table="biz_check_result" inverse="true" cascade="delete" lazy="false">
			<key>
				<column name="CLAIMVOUCHER_ID" not-null="true">
					<comment>报销单（主单）编号</comment>
				</column>
			</key>
			<one-to-many class="CheckResult"/>
		</set>
	</class>
</hibernate-mapping>
