<?xml version="1.0" encoding="utf-8"?>
<!DOCTYPE hibernate-mapping PUBLIC "-//Hibernate/Hibernate Mapping DTD 3.0//EN"
"http://hibernate.sourceforge.net/hibernate-mapping-3.0.dtd">
<!-- Mapping file autogenerated by MyEclipse Persistence Tools -->
<hibernate-mapping package="cn.edu.hzvtc.entity">
	<class name="ClaimVouyearStatistics" table="biz_claim_vouyear_statistics">
		<id name="id" type="java.lang.Long">
			<column name="ID" precision="10" scale="0" />
			<generator class="native" />
		</id>
		<property name="totalCount" type="java.lang.Double">
			<column name="TOTALCOUNT" precision="30" not-null="true">
				<comment>总金额</comment>
			</column>
		</property>
		<property name="year" type="java.lang.Integer">
			<column name="YEAR" precision="4" scale="0" not-null="true">
				<comment>年份</comment>
			</column>
		</property>
		<property name="modifyTime" type="java.util.Date">
			<column name="MODIFYTIME" length="7" not-null="true">
				<comment>修改时间</comment>
			</column>
		</property>
		<many-to-one name="department" class="Department" fetch="select"
			lazy="false">
			<column name="DEPARTMENT_ID" precision="10" scale="0"
				not-null="true">
				<comment>部门</comment>
			</column>
		</many-to-one>
	</class>
</hibernate-mapping>
