<?xml version="1.0" encoding="utf-8"?>
<!DOCTYPE hibernate-mapping PUBLIC "-//Hibernate/Hibernate Mapping DTD 3.0//EN"
"http://hibernate.sourceforge.net/hibernate-mapping-3.0.dtd">
<!-- Mapping file autogenerated by MyEclipse Persistence Tools -->
<hibernate-mapping package="cn.edu.hzvtc.entity">
	<class name="Department" table="sys_department">
		<id name="id" type="java.lang.Integer">
			<column name="ID" />
			<generator class="native" />
		</id>
		<property name="name" type="java.lang.String">
			<column name="NAME" length="45" not-null="true">
				<comment>部门名称</comment>
			</column>
		</property>
	</class>
</hibernate-mapping>
