<?xml version="1.0" encoding="utf-8"?>
<!DOCTYPE hibernate-mapping PUBLIC "-//Hibernate/Hibernate Mapping DTD 3.0//EN"
"http://hibernate.sourceforge.net/hibernate-mapping-3.0.dtd">
<hibernate-mapping package="cn.edu.hzvtc.entity">
	<class name="Employee" table="sys_employee">
		<id name="sn" type="java.lang.String">
			<column name="SN" length="20" />
			<generator class="assigned"></generator>
		</id>
		<property name="password" type="java.lang.String">
			<column name="PASSWORD" length="45" not-null="true">
				<comment>密码</comment>
			</column>
		</property>
		<many-to-one name="department" class="Department" fetch="select"
			lazy="false">
			<column name="DEPARTMENT_ID" not-null="true">
				<comment>部门</comment>
			</column>
		</many-to-one>
		<many-to-one name="position" class="Position" fetch="select"
			lazy="false">
			<column name="POSITION_ID" not-null="true">
				<comment>职务编号</comment>
			</column>
		</many-to-one>

		<property name="name" type="java.lang.String">
			<column name="NAME" length="45" not-null="true">
				<comment>姓名</comment>
			</column>
		</property>
		<property name="status" type="java.lang.String">
			<column name="STATUS" length="20" not-null="true">
				<comment>状态</comment>
			</column>
		</property>
	</class>
</hibernate-mapping>
