<?xml version="1.0" encoding="utf-8"?>
<!DOCTYPE hibernate-mapping PUBLIC "-//Hibernate/Hibernate Mapping DTD 3.0//EN"
"http://hibernate.sourceforge.net/hibernate-mapping-3.0.dtd">
<!-- Mapping file autogenerated by MyEclipse Persistence Tools -->
<hibernate-mapping package="cn.edu.hzvtc.entity">
	<class name="Leave" table="biz_leave">
		<id name="id" type="java.lang.Long">
			<column name="ID" precision="10" scale="0" />
			<generator class="native" />
		</id>
		<property name="startTime" type="java.util.Date">
			<column name="STARTTIME" length="7" not-null="true">
				<comment>开始时间</comment>
			</column>
		</property>
		<property name="endTime" type="java.util.Date">
			<column name="ENDTIME" length="7" not-null="true">
				<comment>结束时间</comment>
			</column>
		</property>
		<property name="leaveDay" type="java.lang.Double">
			<column name="LEAVEDAY" precision="5" scale="1" not-null="true">
				<comment>请假天数</comment>
			</column>
		</property>
		<property name="reason" type="java.lang.String">
			<column name="REASON" length="500" not-null="true">
				<comment>请假原因</comment>
			</column>
		</property>
		<property name="status" type="java.lang.String">
			<column name="STATUS" length="20">
				<comment>状态</comment>
			</column>
		</property>
		<property name="leaveType" type="java.lang.String">
			<column name="LEAVETYPE" length="50">
				<comment>请假类型</comment>
			</column>
		</property>
		<property name="approveOpinion" type="java.lang.String">
			<column name="APPROVEOPINION" length="100">
				<comment>批准意見</comment>
			</column>
		</property>
		<property name="createTime" type="java.util.Date">
			<column name="CREATETIME" length="7" not-null="false">
				<comment>创建时间</comment>
			</column>
		</property>
		<property name="modifyTime" type="java.util.Date">
			<column name="MODIFYTIME" length="7" not-null="false">
				<comment>修改时间</comment>
			</column>
		</property>
		<many-to-one name="creator" class="Employee" fetch="select"
			lazy="false">
			<column name="CREATOR_SN" length="50" not-null="true">
				<comment>填报人</comment>
			</column>
		</many-to-one>
		<many-to-one name="nextDeal" class="Employee" fetch="select"
			lazy="false">
			<column name="NEXTDEAL_SN" length="50">
				<comment>待处理人</comment>
			</column>
		</many-to-one>
	</class>
</hibernate-mapping>
