<?xml version="1.0" encoding="utf-8"?>
<!DOCTYPE hibernate-mapping PUBLIC "-//Hibernate/Hibernate Mapping DTD 3.0//EN"
"http://hibernate.sourceforge.net/hibernate-mapping-3.0.dtd">
<!-- Mapping file autogenerated by MyEclipse Persistence Tools -->
<hibernate-mapping package="cn.edu.hzvtc.entity">
	<class name="Position" table="sys_position">
		<id name="id" type="java.lang.Integer">
			<column name="ID" />
			<generator class="native" />
		</id>
		<property name="nameCn" type="java.lang.String">
			<column name="NAMECN" length="45" not-null="true">
				<comment>职务名称(中文)</comment>
			</column>
		</property>
		<property name="nameEn" type="java.lang.String">
			<column name="NAMEEN" length="45" not-null="true">
				<comment>职务名称(英文)</comment>
			</column>
		</property>
	</class>
</hibernate-mapping>
