<?xml version="1.0" encoding="UTF-8" ?>
<!DOCTYPE mapper
PUBLIC "-//mybatis.org//DTD Mapper 3.0//EN"
"http://mybatis.org/dtd/mybatis-3-mapper.dtd">
<!-- 写SQL语句的地方 -->
<mapper namespace="com.owen.mybatis.mapper.MilkMapper">
	
	<!-- 通过ID查询一条牛奶信息，其中原为java.lang.Integer由mybatis提供别名Integer -->
	<select id="findMilkById" parameterType="Integer" resultType="Milk">
		select * from milk where id = #{papa}
	</select>
	
	<!-- 根据牛奶名称模糊查询牛奶列表
	#{} 占位符,? == 'asd'  或者   ? == 123
	${} 字符串拼接,sql的模糊like '%asd%',"%"'asd'"%"
	 -->
	 <select id="findMilkByMname" parameterType="String" resultType="Milk">
		<!--	select * from milk where mname like '%${value}%'	-->
		select * from milk where mname like "%"#{haha}"%"
	</select>
	
	<!-- 添加一条牛奶信息 -->
	<insert id="insertMilk" parameterType="Milk">
	<selectKey keyProperty="id" resultType="Integer" order="AFTER"><!-- 自增ID在一条新数据的最后保存 -->
		select LAST_INSERT_ID()
	</selectKey>
	insert into milk (mname,stock,price)
	values (#{mname},#{stock},#{price})
	</insert>

	<!-- 更新一条牛奶的信息 -->
	<update id="updateMilkById" parameterType="Milk">
	update milk
	set mname=#{mname},stock=#{stock},price=#{price}
	where id = #{id}
	</update>
	
	<!-- 删除一条牛奶的信息 -->
	<delete id="deleteMilkById" parameterType="Integer">
	delete from milk
	where id = #{iii}
	</delete>
	
	<!-- 根据牛奶名模糊查询 -->
	<select id="findMilkByQueryVo" parameterType="QueryVo" resultType="com.owen.mybatis.pojo.Milk">
		select * from milk where mname like "%"#{milk.mname}"%"
	</select>
	
	<!-- 
	 -->
	 <select id="countMilk" resultType="Integer">
	 	select count(1) from milk
	 </select>
	
	<!--	根据单价和名字查询牛奶  where 可以去掉第一个前ANd   -->
	 <select id="selectMilkByPriceAndMname" parameterType="Milk" resultType="Milk">
	 	<include refid="selector"/>
	 	<where>
		 	<if test="price != null and price != ''">
		 		 and price = #{price} 
		 	</if>
		 	<if test="mname != null and mname != ''">
			 	 and mname = #{mname}
		 	</if>
	 	</where>
	 </select>

	<!-- sql片段 -->
	<sql id="selector">
		select * from milk
	</sql>
	
</mapper>




