<?xml version="1.0" encoding="UTF-8" ?>
<!DOCTYPE mapper
PUBLIC "-//mybatis.org//DTD Mapper 3.0//EN"
"http://mybatis.org/dtd/mybatis-3-mapper.dtd">
<!-- 写Sql语句   -->
<mapper namespace="com.owen.mybatis.mapper.MOrderMapper">
	
<!-- 	<select id="selectMOrderList" resultType="MOrder"> 
		当查询一张表时，可以只映射名字不一样的字段
-->
	<resultMap type="MOrder" id="morder">
		<result column="mid" property="milkId"/>
	</resultMap>
	
	<select id="selectMOrderList" resultMap="morder">
		SELECT id, mid, createtime FROM morder 
	</select>
	
	<!-- 
		2、
		一对一(association)关联 查询  以订单为中心 关联牛奶
		当查询多张表时，不可省略名字相同的字段
	public List<MOrder> selectMOrder();
	 -->
	 <resultMap type="MOrder" id="order">
	 	<result column="id" property="id"/>
	 	<result column="mid" property="milkId"/>
	 	<result column="createtime" property="createtime"/>
	 	<!-- 一对一  property与.java文件中的变量名相同-->
	 	<association property="milk" javaType="Milk">
	 		<id column="mid" property="id"/>
	 		<result column="mname" property="mname"/>
	 	</association>
	 </resultMap>
	 <!-- 1、 -->
	 <select id="selectMOrder" resultMap="order">
	 	SELECT 
	 	o.id,
	    o.mid, 
	 	o.createtime,
	 	m.mname
	 	FROM morder o 
	 	left join milk m 
	 	on o.mid = m.id
	 </select>
	 
	 <!-- 
	 	2、
	 	//一对多关联，以用户为中心
	public List<Milk> selectMilkList(); -->
	<resultMap type="Milk" id="milk">
		<id column="mid" property="id"/>
		<result column="mname" property="mname"/>
		<!-- 一对多,ofType：List集合每个元素的类型 -->
		<collection property="morderList" ofType="MOrder">
			<id column="id" property="id"/>
			<result column="number" property="number"/>
		</collection>
	</resultMap>
	<!-- 1、 -->
	<select id="selectMilkList" resultMap="milk">
		SELECT 
	 	o.id,
	    o.mid, 
	 	o.createtime,
	    o.number,
	 	m.mname 
	 	FROM milk m
	 	left join morder o 
	 	on o.mid = m.id
	</select>

</mapper>