<?xml version="1.0" encoding="UTF-8" ?>
<!DOCTYPE configuration
PUBLIC "-//mybatis.org//DTD Config 3.0//EN"
"http://mybatis.org/dtd/mybatis-3-config.dtd">
<configuration>
	<!-- 属性 -->
	<properties resource="jdbc.properties"/>
	<!-- 类型别名 ，位置必须在properties下面，包以其子包下所有类，头字母大小写均可 Milk milk-->
	<typeAliases>
		<!-- <typeAlias type="com.owen.mybatis.pojo.Milk" alias="Milk"/> -->
		<package name="com.owen.mybatis.pojo"/>
	</typeAliases>
	
	<!-- 和spring整合后 environments配置将废除 -->
	<environments default="development">
		<environment id="development">
			<!-- 使用jdbc事务管理 -->
			<transactionManager type="JDBC" />
			<!-- 数据库连接池 jdbc:mysql://localhost:3306/owen1?characterEncoding=utf-8-->
			<dataSource type="POOLED">
				<property name="driver" value="${jdbc.driver}" />
				<property name="url"
					value="${jdbc.url}" />
				<property name="username" value="${jdbc.username}" />
				<property name="password" value="${jdbc.password}" />
			</dataSource>
		</environment>
	</environments>
	
	<!-- 映射器，Ctrl+Shift+C 快捷注释 Ctrl+Shift+\ 取消注释-->
	<!-- resource,class,url一条里只能同时存在一个 -->
	<mappers>
	<package name="com.owen.mybatis.mapper"/>
<!-- <mapper resource="sqlmap/Milk.xml"/> -->

<!-- 此方法要求Milk.xml与MilkMapper.java在同一包里，并且同名
     <mapper class="com.owen.mybatis.mapper.MilkMapper"/> -->
 
<!-- 文件绝对路径(从C盘开始的路径 )<mapper url=""/> -->
	</mappers>
	
</configuration>


